<?xml version="1.0" encoding="UTF-8"?>
<project-private xmlns="http://www.netbeans.org/ns/project-private/1">
    <editor-bookmarks xmlns="http://www.netbeans.org/ns/editor-bookmarks/2" lastBookmarkId="0"/>
    <open-files xmlns="http://www.netbeans.org/ns/projectui-open-files/2">
        <group>
            <file>file:/C:/Users/MarioAlberto/Documents/NetBeansProjects/DIGA_Visual/src/diga_visual/DIGA_Visual.java</file>
            <file>file:/C:/Users/MarioAlberto/Documents/NetBeansProjects/DIGA_Visual/src/diga_visual/Visual.java</file>
        </group>
    </open-files>
</project-private>
